"","cylinders","share"
"1",3,0.00410921016239282
"2",4,0.351179422339879
"3",5,0.027065470781145
"4",6,0.372673752420088
"5",8,0.234185467620214
"6",10,0.00363507052827058
"7",12,0.00537358252005215
